,full_text
0, kenapa match lavani vs pbs ga bisa diputar mau nonton ulang aksi beik nih
1, ga mau ga ngasih solusi jg solusinya itu reupload match proliga nya  kemarin titik
2, nyiarin indo vs usbek gk
3, kecewa banget udah berbayar tapi gak bisa nonton tim uber main 
4, ohhhh di court   ternyata ga ada kamera emang
5, lah tau gitu mending saya langganan spotv aja   ini sampai final emang ga akan ditayangin apa gimana
6, udah min mohon dicek 
7, saya udah langganan kenapa mau nonton gak bisa ya 
8, endingnya kayak bourne ultimatum
9, min voli lavani vs sumsel babel gak bisa di tonton ulang yg tgl    kemarin
10, udh dicek ga ada om malah nayangin suns timberwolves
11, liat komplainannya sama semua tiba  ga bisa dibuka match bolanya tadi nonton arsenal lancar  aja
12, tolonglah buffering mulu ini terus tiba tiba error dan ga bisa di tonton akhirnya saya nonton netflix yg  k aja ga buffering sama sekali
13, halah udah telat gausah
14, akhirakhir ini layanan streaming kalian menjengkelkan sering dan banyak bufferingnya padahal udah gantiganti provider internet sampe pindah device sama aja please dong perbaikin 
15, oke terima kasih padahal ku langganannya yg multiple device
16, ga usah dm bilangin itu ke komentator diem aja gitu
17, males banget harus langganan lg vidio padahal spotv lebih dulu ada di vision
18, woiii ini kenapa nonton moto gp tiap squeeze frame ads jadi patah  kualitasnya sangat menjengkelkan
19, min kenapa nda bisa beli paket ini 
20, sudah saya dm ya min
21,  ku kira akunku yg eror kok delay pdahal masih lumayan lama ternyata 
22,  mending gak usah
23, kenapa vidio di ipad gabisa ya min udah   bulan masih seperti ini terus 
24, ya dah gak usah nonton aj
25,  min jgn ngejinx 
26, aku hanya langganan spotv kak
27, kalo delay buat apa subscribe min 
28, lah ngapain tayangan delay apa serunya mana negara sendiri siaran tunda payah emang kalau ginj terus subscriber ya males langganan lagi
29, ya ngapain beli hak siar kalau negara sendiri majn ga ditayangin malah nayangin negara lain ini kan thomas uber bukan thomas aja hadehhh
30, oke kak 
31,  waduw ngapain juga nayangin negara sendiri di delay agak lain emang
32,  uber indo vs hongkong ga ada
33,  hesssss tiwas langganan
34, min ini uber yg vs hongkong ga ditayangin kah
35, yg uber ada ga sii udh subscribe tp kok adanya thomas doang ya min
36, timnas yang semua kelompok umur ya min
37, ini padahal kan masih subscribe sampai juli atau memang hanya bisa dipakai di tv aja gabisa dipakai di hp 
38, ada promo gk kak
39, layanan vidio platinum   bulan bisa akses spotv ga sih salah beli takutnya nih
40,  cc  pada begini ih ternyata
41, min kalau beli paket ini bisa buat di tv kan 
42, jelasin kenapa knickssixers amp magiccavs bisa tayang
43, min mau nonton siaran proliga bjb vs pertamina kok nggak bisa diplay yaa failed to load terus emang error atau bagaimana ya bin vs livin bisa lavani vs garuda juga bisa diplay
44, woi napa lakers ga disiarin dah bayar sebulan buat lakers malah gaada
45, lakers nuggets kok gak jadi ditayangin kak
46,  aih pantes abis begadang rela in bangun pagi malah gk tayang
47, min nba lg playoff kok game nya dikit gak kayak taun lalu sekarang vidio apa  paketnya bayar lebih terus loh
48, ok min sudah saya dm
49, sudah ketemu di paling bawah cuman yaa belum menjadi kesatuan deket highlight terimakasih responnya admin
50, min laga tunda udinese vs roma live vidio gak
51, terima kasih kembali ditunggu kabar baiknya 
52, haduh min mohon konfirmasinya sekali lagi thomas uber cup      tayang di channel spotv vidio kan
53, ini sy knp ga bs ntn liga   di laptop biasanya bs cm di hp aja bs ny pdhl paket diamond sy aktif nya otomatis 
54, cara daftar paket mahasiswa gimana ya domain kampus saya  jadi gabisa
55, tertipu terlanjur beli packet ternyata takadaliveproliga     damn         beda sensasinya nonton live dg siaran ulang
56, sering banget error livestreaming radio di android tv kenapa ya  
57, min paket platinum bisa buat di tv juga ga kalau mau nonton proliga platinum kan ya
58, hanya dm saja
59, masalah tanpa solusi ini kan jadinya
60, gak bisa dm lah bossssss masak gak paham aturan x sekarang
61, paket gw aktif lah napa gw gk bs nonton film  aneh aplikasi lu epl juga delay  mulu masalah lo apa sih sm pelanggan lo 
62,  kabar baik ini segera rilis tolong ya min auto banyak yg nonton pasti
63, yaaaah okelah tq min
64, lakers mana kenapa gaditayangin
65, asem mending gausah langganan 
66, udah langganan premium lakers vs nuggets ga disiarin kenapa ya
67, apakah bakal lengkap pengen nonton babang lebron 
68, jam segini ga ada live nba
69, ini playoffs gk ditayangin semua mau nnton lakers padahal nyesel langganan wkwk
70, ditunggu ya min saya sampai udah langganan platinum 
71, lagi error kah login failed terus nih
72, kenapa belum ada highlights elclasico pagi dini hari tadi ya 
73, taik banget sinyalnya
74, udah aman min makasih responsnya
75, min ini kenapa ya gagal terus ganti payment lain juga tetep gagal tolong pencerahan min balas yaaaacepet 
76, tayangan conventry cuty vs manutd tayangan tidak jalan 
77, knp nih errorrrrr 
78, hallo min kok paket saya tidak aktif ya padahal telah melakukan pembayaran
79, oke makasi min
80, oh gangguan dari tadi ini masalahnya loh ditungguin kenapa gak ada info dlu sebelum di komplain dah 
81, oh gangguan dari tadi ini masalahnya loh ditungguin kenapa gak ada info dlu sebelum di komplain dah 
82, itu liat postingan gue lah bangsat siaran lu gaada blok
83, ga ada vpn tot tbtb ilang siarang bangsat
84, oy mau nonton arsenal kenapa ga bisa
85, woi ini stream match arsenal ko gabisa udh di restrat udah segimanain ttp gabisaaa perbaikin lah
86, terima kasih min 
87,  woi min masih blom bisa 
88, kenapa wolves vs arsenal kaya gini tampilannya 
89,  coba dicek sendiri deh sebelum komen ginian orang komplen tuh dibenerin bukan dibingungin bayar subs mahal  begini doang 
90, ketiduran bang
91, arsenal vs wolves kok gak iso su wis mulai iki cok
92, kok gak bisa sih ini 
93, min tolong follow up kendala via dm segera ya makasih
94, proliga free kan atau harus langganan
95, terima kasih
96, kenapa mau akses vidio gak bisa  ya   perangkat saya coba tp muter  terus
97, dm sebulan gaada perubahan blok
98, pakai platinum mahasiswa bisa kan kak nonton fa cup nanti malam chelsea vs manchester city
99, saat ini saya sudah langganan paket liga inggris apakah bisa ditumpuk dengan paket platinumdiamond
100, saya mau menonton fa cup chelsea vs manchester city harus langganan paket yg mana ya
101, oalah saran buat ditaro jg dong tncketerangan di page detail subscription disemua jenis app
102, punya active subscription utk liga   tp pas mau nonton kok suruh beli piye 
103, min untuk pembayaran paket tolong dong tambahkan opsi pembayaran via transfer bank 
104, kualitas siaran lu jelek banget
105, buffering mulu nih ah malesin banget
106, muncul iklan secara terus menerus pada akun gratis apa memang seperti ini jika akun gratis 
107, walah dalah kalo diamond
108, min kalo beli platinum apakah sudah termasuk dengan spotv terimakasih
109, play off nba ditayangin gk min kalo iya mau beli paket nih
110, sdh dm ya
111, yaudah dah makasih jawabannya mba
112, gamau nayangin lakers apa gimana dah
113, kok sekarang saya jadi tidak bisa nonton kontenkonten paket platinum di henpon saya tapi nonton di smart tv bisa padahal masa langganan masih aktif 
114, males gue dm udah dm yg bales yg cs yg lain  lagi liat aja yg bales ini juga beda lagi
115, udah langganan malah bayar  x tapi engga bisa bagaimana nihhh 
116, ok cek dm min
117, ini knp dhhhhhh kok loading  mulu streaming di aplikasi lain lancar pdhl
118, cek dm min
119, min baru langganan tapi gabisa nonton cdm ya
120, halo min aku udh beli paket langganan tapi kok ga bisa diakses
121, cek dm min
122, bls yah
123, tolong dong ini kenapa ya baru bgt login mau nntn gabisa udh coba uninstal dan clear chace ttp gabisaa 
124, sediihh
125, min ini udah ga ada ya di vidio
126, ini gmna 
127, okay aku dm yah min
128, bututtt ucl nya macetmacetan padahal jaringan stabil 
129, sudah saya dm
130, udah ya tinggal di respon makasih
131, error nih mau nonton ucl 
132, cek dm gan mau nnti ucl ini
133, saya nonton film heart michelle ziudith di  kenapa filmnya tersendatsendat ya jadi mengganggu keseruan
134, okeeeyyyy terima kasih 
135, yang paket platinum kan yaaa min apa masuknya ke diamond
136, tuh service paling sampah di dunia dah kayaknya
137, sebagai konsumen dibikin kerugian gini  sudah dituduh beli gak resmi pula 
138, udah gw post tuh biar puas
139, lu pikir gw beli paket sharing  tolol udah dijelasin diawal baru hari ini kejadian kemaren  normal udah fitur kurang mahal nuduh beli paket sharing 
140, cek dm
141, cek dm
142, sudah di email lagi di cek kendalanya dari kemarin 
143, hari ini aja kah
144, kenapa setelah diupdate ke version baru malah muncul masalah drm untuk tv android yg tidak support bagaimana ya kalo tidak sulosi yaa apa boleh buat berhenti berlangganan
145, ini kenapa ya min 
146, ada masalah apasi warriors ga ditayangin di game krusial
147, admin kenapa saya tidak bisa menonton premier league padahal saya sudah beli  
148, kenapa premier leaguenya muter terus woi yaoloh
149, knp gak bisa nonton lfc njir muter  doang
150,  ini kenapa ya min daritadiiii  
151, kak mo tanya di smart tv sy knp vidio g bs dibuka ya biasanya lancar jaya sdh sy uninstall dan reinstal ttp tdk bisa help please
152, woeeeeee lagi nonton angkat beban ngeblaaaank
153, min tolong cek dmnya
154, sudah bisa min makasih min
155,  min kok saya berlangganan di tv gabisa ya ada   paket yg aktif di akun yg sama mobile dan tv tp pas di tv kok gabisa yah
156, film atau series nih
157,  di video saya gak ada nih min
158, done cek dm min
159,  ini gmn ya drtd ntn premier league gangguan trus play sebntar gangguan teknis terus
160, min ini kualitas video nya kho ga bisa pilih resolusi ya cuma auto aja apa harus premium kah
161, responnya cepet banget makasih min 
162, drama    days udah ga ada lagi atau gimana nih
163, oh gitu oke deh min makasih jawabannya 
164, beberapa konten pilihan itu yg kae apa utk bisa langsung liat itu utk goldplatinum soalnya kudu pencet play dulu baru ketauan itu konten platinumnya
165, paket vidio gold itu bisa utk akses apa ya min soalnya konten drakormovie sejauh ini aku cek semua harus pake platinum ga ada yg bisa diakses pake gold kah
166, halo kak terkait kendala mu boleh infokan ke dm mimin ya mp
167, kenapa match lavani vs pbs ga bisa diputar mau nonton ulang aksi beik nih
168, ga mau ga ngasih solusi jg solusinya itu reupload match proliga nya  kemarin titik
169, hai kak mohon maaf atas ketidaknyamanannya mohon infokan kendala lebih detailnya melalui dm agar bisa mimin cek yaaaf
170,lavani vs pbs itu diupload ulang match nya bisa ga  ga bisa diputar gw mau healing nonton itu malah ga bisa 
171,langganan lewat  susah atau tidak bisa masuk   tolong bila kerja sama jangan pelanggan jadi susah akses ribet call center vision wa nya boot alias robot tolong ke depan dua pihak ini diperbaiki kerja sama nya dimudahkan kaya  akses nya
172,debate is over emtek group    dll gtgtgtgtgtgtgtgtgtgtgtgtgtgtgt mnc group    ampas
173,bayar mahal  rupanya live rekam orang nobar total hari ini habis almost     demi timnas please menang 
174,    anjing ya subscribe premium sports vision plus sampe skrg ga bisa liat indo vs uzbek boikot ini app lah jauh banget kualitas dibanding  yg beli lsg nyala tolol boikotmnc boikotvisionplus boikotrctiplus
175,tolong  perjuangin hak siar international sport championships kapok bgt  ga jelas udah purchase ngapain sih mesti nunggu proses aktivasi sekelas mnc padahal
176, ternyata udah banyak korbannya udah subscribe tapi gak bisa nonton siarannya ini udah termasuk scampenipuan bukan bapakbapak  mending  aja deh yang ambil hak siar timnas
177, ayo  ambil hak siarnya timnas disini  gak professional banget padahal berbayar
178, sudah subscribe tapi tetap ga bisa nonton haloooo  tolong beli hak siarnya aja dari mnc
179, hi kak mohon maaf namun di vidio statusnya cancel yaa untuk team tersebut dan pertandingan besok   fh
180, hai kak mohon maaf untuk afc u   tidak tayang di vidio ya kak hi
181,min  ada masalah apa sama  amp   yang bener aja dah match ke   ga ada yang disiarin   pun pertandingannya 
182, nyiarin indo vs usbek gk
183,klau gamampu nerima demand tinggi pindahin ke  aja lisensi broadcastnya sampah
184, dear  saya langganan diamond kalo mau ada spotv apa harus diunsubscribe paket diamondnya
185, hai kak mohon maaf untuk pertandingan thomas uber cup indonesia vs thailand tidak tayang di vidio mengikuti kebijakan dari pihak spotv mimin tunggu kehadiran kamu di pertandingan thomas uber cup lainnya ya hi
186,ini uber ga ditayangin kaahh  
187,apakah kita juga harus ketemu yang kayak kinaan ya supaya hidupnya makin lurus kayak aliza setuju kah aliza hidupnya luruslurus aja sampai episode   yang mau tau nonton deh santri pilihan bunda sekarang juga di vidio santripilihanbundaseries vidiooriginalseries 
188,give away alert  kabar baik untuk meramaikan dan mendukung wakil ina    di thomas uber cup      bhulukhuduktv bekerjasama dengan  kembali akan bagibagi    voucher spotv buat kalian badminton lovers 
189, hai kak mohon maaf namun tim uber indonesia hari ini tidak ditayangkan mengikuti kebijakan spotv al
190,  tim uber indonesia gak ditayangin di vidio min
191,asupan pesona bos liam untuk kamu di hari ini gimana udah kebayang jadi asprinya kayak alexaaa biar makin terbayang tonton the perfect strangers sekarang hanya di vidio theperfectstrangers theperfectstrangersseries vidiooriginalseries 
192, hai kak kamu bisa berlangganan paket platinumdiamond yaa kak hi
193,info nonton la liga paket vidio yang mana kak  zonauang
194,kapan mereka sadar bahwa ga semua media telekomunikasi harus dipake spam promosi udah gitu rata  gaada opsi untuk optout dari spamnya annoying banget siapa yg mulai hal ini       
195,  wih jerigen dapet sponsor baru
196, halo kak mohon maaf atas kendala mu bisa sampaikan dan lampirkan detail nya melalui dm kami yaa sd
197,  harusnya adakan nobar yang mana ada foto pejabat dengan gaya genggaman kekuasaan
198, hai kak terkait kendalamu bisa disampaikan lebih lanjut melalui dm yaa hi
199,  gajadi cleansheet gara  elu gen
200,  min td bingung nonton live di video channel spotv di klik kok munculnya tayangan lain
201, endingnya kayak bourne ultimatum
202,  pantesan tadi fajri kalah ini penyebabnya  
203,   sedihnyatadi nonton di fb
204, halo kak mohon maaf atas ketidaknyamanan nya silakan kirimkan rekaman detail kendala nya melalui dm yaa sd
205, udh dicek ga ada om malah nayangin suns timberwolves
206,  thailand kagak ada yang kenal bisa kali indonesia   
207,jangan lupa nonton thomas cup pagi ini king indo cabang badminton main hari ini vs thailand yuk nonton hanya di 
208,  nontonnya kalo udah lolos fase grup ajah
209,  wow semangat
210,  pertanyaan yg sebenarnya adalah mampu ga indo menang    tanpa kunlavud
211,  knp thai padang junior  ny
212,   masih mau meremehkan pelapis ga liat kemaren bakri pas lawan england dan asal anda tau ms  md  thai ini kemarin menyulitkan lakhsya dan duo cireng loh sampe main rubber dan hampir kalah sekelas mereka hampir kalah apalagi kita yang maen sama pelapis aja msh suka kalah
213,  yg punya link haram bagi dong
214,  ga asikthailand masang juniornya
215,  kalau sampai ga bisa sih keterlaluan sudah full power gitu masa iya masih juga ga bisa kalahkan thailand yang hanya memakai pemain pelapis
216,jangan lupa ada thomas cup pagi ini indonesia vs thailand 
217, halo kak terkait kendala nya mohon infokan ke mimin melalui dm yaa fp
218, hari ke    sejak keluhan pertama live streaming di hp dan tv masih error  
219,mampukah tim thomas indonesia memenangkan laga kedua di hari ini thomascup     indonesia vs thailand pagi ini pukul      wib live on  thomasubercup     tuc    
220,  inget yaa guys jangan meremehkan lawan dan mereka kemaren menyulitkan skuad india goodluck boys
221,  jangan lengah ya gaes biarpun bukan skuad utama tha yg turun
222,  joting dimainkan
223, oke terima kasih padahal ku langganannya yg multiple device
224, hai kak bila terkendala multiple device mimin sarankan silahkan keluar dari app vidio tunggu    menit kemudian coba akses lagi ya kak untuk akunnya hanya bisa diakses   device saja ps
225,selamat malam  mau komplain kok saya ga bisa nonton livestream wta ya  padahal saya masih langganan premium mohon solusinya 
226, halo kak untuk menontonnya pastikan berlangganan paket spotv yaa fp
227,  btw kunlavut ga turun apa yaa
228,  di video mesri premium ga sih
229,  tim thomas thailand rasa tim uber indonesia di      yah yang diturunin squad mudanya
230,  gak seru ah thai ga full team
231, yippie makasih min 
232,  kirain bakal ada kunlavut kedrenjomkoh
233, hai kak thomas cup indonesia vs thailand akan tayang di vidio ya ps
234,   wkwk trus apa bein sport
235,  disiarin ga nih
236,  optimis gak guys plis respect main keluarin semua potensi nya jangan ngeremehin
237,  harusnya indonesia bisa    lah ya
238,  ada apa dg thai
239,  baru sadar bass ga ikut
240,    woiyaa 
241,   md   mayan lah ama ms   udah ada nama
242,  hmm lho mana org lamanya  
243,    cuma view  gun ga ikut katena emang ga pengen ikut begitu juga dengan kedrensupak
244,  kekuatan thailand disimpan utk olimpiade kah
245,  bener gaada yg w kenal keknya tim thailand ckck
246,    gak asik vidio sekarang mah
247,   jadi runner up cukuplah ya yg penting lolos grup
248,   jadi mereka beneran ngga dibawa sama sekali di thomas kali ini ngga ngikutin berita dari skuad lain soalnya nih
249,epl pun nobar illegal di pidana hello nnton di vidio aja udh bayar ini harus izin segala mending urus yg nnton pake link haram gajelas 
250, halo kak terkait kendala nya mohon infokan ke mimin melalui dm yaa fp
251,   maybe persiapan olympic tau sendiri kunlavut baru selesai cedera tp kemarin bisa menang lawan pranoy
252,   mungkin buat kasih pengalaman sama pemain mudanya soalnya tim thomasnya susah bersaing terutama sektor md beda sama tim ubernya yg jadi unggulan di turnamen ini
253,    yg bikin kesel beberapa kali terjadi pas momen  krusial inget bgt kmrn pas gol nya witan dan marselino tiba  mati anjir
254,   busuk banget tuh engine dan algoritmanya  masa koneksi turun langsung maksa restart aplikasi atau web nya buat nurunin resolusi makin beban lah  masih better kalo koneksi buruk langsung otomatis nurunin resolusi tanpa perlu restart walau kadang buffering
255,  di luar dugaan thailand tidak menurunkan juara dunia nya
256,  pagi badminton malam timnasday selamat berjuang atlet indonesia smg poster para atlet tdk digunakan u kepentingan politik praktis
257,  thailand tim utamanya kemana kayak kunlavut kantaphon kedrenjomkoh
258,   ndlogok ketauan begok nya 
259,  ini thailand nyimpen tenaga apa gimana nih
260,  sehat  semua team thomas terutama jojo ginting dan fajri pasti   kali mainndi group
261,padahal yg dari mac udah dilogout kenapa ya  suka begini 
262,dr cheon seorang dukun gadungan yang nggak percaya hal mistis bahkan soal kesurupan sampai kapan nih dia membohongi publik nonton dr cheon and the lost talisman di vidio gtgt  drcheonandthelosttalisman drcheonandthelosttalismandividio 
263,    tolong siarin serie a lagi untuk musim depan
264, hai kak mohon maaf atas ketidaknyamanannya mohon infokan kendala lebih detailnya melalui dm yaa agar bisa mimin cek lebih lanjutaf
265, lagi pesta malah diputusi siarannya sama  
266, hai kak untuk nonton spotv di vidio kamu harus berlangganan paket spotv yaa dr
267, min klo belinya yg paket platinum bisa akses spotv apa tetep harus langganan spotv terpisah
268,voting nabila taqiyyahh         
269, hi kak silahkan dm mimin yaa untuk dicek lebih lanjut pada kendala mu   fh
270, tolooong diperbaikii ini kek mana ngelag mulu pas nonton motogp
271, hi kak silahkan dm mimin yaa untuk mimin bantu cek lebih lanjut kendala mu   fh
272, benerin server lu asuw udah bayar mahal  tpi nge lag
273, hai kak terkait kendalammu silahkan dm mimin untuk lebih detailnya ya kak gl
274, hai kak mohon maaf pertandingan u   tidak siarkan di vidio ya kak gl
275, indonesia u   paket yang mana
276, padahal  juga bisa
277,    enakan vision sdh include afc u  
278,  ak dah berenti langganan vision aplikasi lemot sering ngadat kalo app langganan buat ak mah ga ada yg ngalahin  puas dan siaran banyak hampir semua ada
279,  gak ngefekitu protest pas lawan jordaneh pas lawan korsel sama juga emang payah aja  gak layak blass dapetin hak siarbagus  kemana 
280, halo kak mohon maaf atas kendala mu bisa sampaikan detail nya melalui dm yaa sd
281,  setuju menu amp tampilan di app  so far sih lebih eyecatching amp user friendly drpd yg   nya itu imo
282, udh langganan  setahun
283,   tayang
284, hai kak untuk pertandingan inter vs torino tayang secara live pukul      wib di aplikasi vidio yaa gc
285,min jadwal inter yang bener kapan yak  
286,     mau beli mas vidio aplikasi murah dan ramah buat warga gk sama dg mnc buat susah dan mahal
287,   kalo gak salah hak siar timnas udh sama  tp gak tau mulai nya kapan
288,   streaming langganan no  di indonesia yang lain hanya meniru vidio atau ikutikutan
289,ini kalo ga tayangun court   terus thomas cup tanggal    indonesia vs thailand ga ditayangin live yang bener aja rugi dah bayar buat nonton indo 
290,  pdhl kayanya menarik klo jojo ms 
291, ini thomas uber cuman nayangin court   court   ga ditayangin
292,   gw dlu rutin langganan karna ibu gw tiap hari nonton mamah dedeh bang gw mah gapernah nonton vision bang gw nonton selalu di 
293,   jangan langsung langganan setahun kalo vision langganannya kalo timnas mau main aja kalo lagi gak ada jadwal timnas langganan vidio
294, halo kak betul yaa untuk menyaksikan tayangan thomas uber cup silahkan berlangganan paket spotv ik
295,    hi kak boleh minta link wag nya
296,  masa harus bayar min
297, baik kak mohon maaf atas kendala yang dialami terkait kendala kamu sudah mimin teruskan melalui dm ya gc
298, udah dm dari awal april blok makanya jangan ganti  admin
299,   ni ceritanya udah dibayar vidio gitu kah 
300,     aku pake amerika
301, halo kak jika ada kendala atau ketidaknyamanan silakan sampaikan detail nya melalui dm yaa sd
302,  narasinya udah ngga wajib menang demi mengamankan titel gelar premier league ya wkwkwk
303,woi itu live ibl suara commentator nya mute aja dong jadi double gini pusing bjir 
304,  terap ilmu pasrah biar menang
305,   cok ampe sensitif
306,   iya msh yg lama
307,   sekali kali ramal clean sheet kek 
308,  kenapa ginting masih jadi ms  apa ini masih pake ranking yg lama
309, halo kak silakan untuk pastikan setting pada google play mu dan jika masih terkendala bisa untuk akses pembelian melalui website  yaa dan pastikan sudah terhubung dengan akun mu jika masih terkendala juga silakan untuk dm yaa kak sd
310, hai kak terkait kendalamu bisa disampaikan lebih lanjut melalui dm ya agar dilakukan pengecekan hi
311, woiii ini kenapa nonton moto gp tiap squeeze frame ads jadi patah  kualitasnya sangat menjengkelkan
312, min kenapa nda bisa beli paket ini 
313,  lah udah ada lagi tuc tumben bgt gw ga ikutin perihal ttg badminton ampe gatau ada tuc 
314,  minimal main yg bener soal menang atau ga itu belakangan klo title race udh pupus masih ada jatah ucl yg harus diperjuangkan gas reds
315, baik ka akan direspon melalui dm ya ka ka
316, sudah saya dm ya min
317, halo kak untuk match bwf uber cup indonesia vs hong kong akan tayang pada jam      delay dan untuk tayangan live nya di vidio ada bwf thomas cup indonesia vs england pada jam      tayang di vidio ya kak sd
318,  berharap kalah aja sih  kalo bisa   
319,  aston villa    chelsea moga winn biar bisa nonton chelsea ga cuma highlight doang 
320,  ku kira akunku yg eror kok delay pdahal masih lumayan lama ternyata 
321,  kenapa jojo gak diganti chico aja biar simpan tenaga
322,  yang penting masuk ucl
323,  luput maneh kayaknya tahun ini ipul
324,matchdayyyy west ham vs liverpool sabtu    april      ko      wib live on  menang atau kalah kalian sudah berusaha sejauh ini dan kami bangga reds lfc 
325, hai kak saksikan di vidio yaa hi
326,  di inews ga tayangkah
327,  aku doakan tc bisa dibawa pulang lagi edisi tahun ini bismillaah tim uc juga semangaat yg penting semangat juang smg dpt medali ya tim uc edisi tahun ini ga bisa nonton
328,   ternyata begituuuu terima kasiiihh kak
329,  fajri semoga waras ya ketemu md ini karena biasanya mayan kesusahan
330,   yang dipake rank sebelum bac
331,   soalnya penentuan ms  md  dll pakai ranking sebelum jojo nyalip ginting
332,  mantull 
333,  yang paham tolong jelasin kenapa ginting masih ms 
334,mampukah indonesia meraih kemenangan pertamanya siapa nih yang ga sabar buat nonton laga perdana tim thomas cup indonesia di thomascup     saksikan laga indonesia vs inggris mulai      wib di  jangan lewatkan keseruannya sportterlengkapadadividio tuc     
335,  njir kok alwi gak ciko but bisalah wi
336,  min jgn ngejinx 
337,series original vidio the perfect strangers sudah tersedia di  series bergenre drama yang dibumbui banyak konflik dengan bumbu action amp elemen misteri ini akan memberikan tontonan seru amp fresh dengan   bintang utama memikat dalam sosok maxime bouttier amp baby tsabina 
338, aku hanya langganan spotv kak
339,    nonton di youtube bwf ajam pake vpn
340, halo kak untuk match bwf uber cup indonesia vs hong kong akan tayang pada jam      delay dan untuk tayangan live nya di vidio ada bwf thomas cup indonesia vs england pada jam      ya kak ik
341,   pake opera browser aktigkan vpn yg di operanya buka youtube bwf dari opera
342,    sama sudah subscribe spotv tapi gak bisa nonton court  
343, kalo delay buat apa subscribe min 
344,   min tolong link nya 
345, lah ngapain tayangan delay apa serunya mana negara sendiri siaran tunda payah emang kalau ginj terus subscriber ya males langganan lagi
346, ya ngapain beli hak siar kalau negara sendiri majn ga ditayangin malah nayangin negara lain ini kan thomas uber bukan thomas aja hadehhh
347, halo kak untuk match bwf uber cup indonesia vs hong kong akan tayang pada jam      delay dan untuk tayangan live nya di vidio ada bwf thomas cup indonesia vs england pada jam      ya kak ik
348,ini kenapa  malah indonesia vs hongkong jadi siaran tunda kirain semua court bisa live mana harus langganan khusu spot tv meski dah diamond pula hadehhhh thomasubercup    
349,  aneh bgt negara sendiri malah delay
350, oke kak 
351, halo kak untuk match bwf uber cup indonesia vs hong kong akan tayang pada jam      delay dan untuk tayangan live nya di vidio ada bwf thomas cup indonesia vs england pada jam      ya kak hi
352,  waduw ngapain juga nayangin negara sendiri di delay agak lain emang
353,  uber indo vs hongkong ga ada
354, halo kak untuk match bwf uber cup indonesia vs hong kong akan tayang pada jam      delay dan untuk tayangan live nya di vidio ada bwf thomas cup indonesia vs england pada jam      ya kak sd
355,   gk ada yg lain kah min vidio gk bisa dibuka di luar negri
356,  ntar malem gak di yutub yg di yutub lyon vs psg gantian
357, halo kak untuk match bwf uber cup indonesia vs hong kong akan tayang pada jam      delay dan untuk tayangan live nya di vidio ada bwf thomas cup indonesia vs england pada jam      ya kak ka
358,   plis aku langganan di spotv tp ko yg court   ina vs hkg ga keluar apa court yg lain padahal bisa
359,kenapa si min  pdhl dh bli paket
360,mau nyoba cara yang legal tapi malah dikecewakan    langganan  buat nonton tuc     malah delay 
361,    proliga bisa ditonton di turki ga min ada yg tanya
362, halo kak vidio akan menayangkan game   heat vs celtics yaa dr
363, terima kasih admin
364, ga mau tayangin matchnya heat om
365,  pake vpn ga nonton nya
366,chelsea women kamu bisa nonton di dazn atau livestreaming youtube  chelsea men di 
367, hai kak kamu bisa cek link berikut yaa  dr
368,   min kalau mau liat pertandingan yang lain itu dimana ya
369, nambah paket lagi ini tolong bilangin ke  percepat tayangin timnas
370,dukung king indo    berjuangan di thomas cup dan uber cup kamu bisa saksikan di  
371,   engga punya link min
372, hai kak terkait kendalanya mohon menginfokan detailnya melalui dm ya agar bisa mimin check dr
373, ini masalahnya apa ya tolong diperbaiki secepatnya 
374,bucks vs pacers round   ketat sekali layaknya cd baru gontokgontokan sampe di ot tapi  ga nayangin 
375,pagii semuajangan lupa bahagia dan vote nabila disemua sosmed   ya nabilataqiyyah 
376, halo ka silahkan dm mimin atas kendala mu ya terima kasih mr
377,kenapa full match persis solo vs persita nggak bisa dibuka ya failed to load  
378,nah sekarang ajarin dia cara menjawab yang baik dan benar  
379,  minimal ga puasa gelar
380, hai kak real sociedad vs real madrid sudah mulai tayang ya mohon maaf atas keterlambatan tayangannya karena mengikuti siaran bein   kak ps
381,  ngapain nonton piala ciki
382,  telat   menit wkwk
383, halo ka untuk pertandingannya sudah mulai ya ka hal ini di karenakan pertandingan sebelum nya belum selesai dan mengikuti kebijakan dari channel bein   ya mr
384, halo ka untuk pertandingannya sudah mulai ya ka hal ini di karenakan pertandingan sebelum nya belum selesai dan mengikuti kebijakan dari channel bein   ya mr
385, halo ka untuk pertandingannya sudah mulai ya ka hal ini di karenakan pertandingan sebelum nya belum selesai dan mengikuti kebijakan dari channel bein   ya mr
386, udh kelar ini masih aja blm muncul
387,mana madridnyaaa 
388, hai kak tayangannya akan muncul selesai pertandingannya selesai ya mengikuti tayangan dari channel bein   kak ps
389, hai kak tayangannya akan muncul selesai pertandingannya selesai ya mengikuti tayangan dari channel bein   kak ps
390,jadwal udh lewat kickoff ga ditayangin bangsat  
391,woi strimingan madrdi knp jadi galatasaray woi 
392, kocak
393,udh kelewat kickoff nya woy 
394, lain kali gausah ngide  gni mint
395, goblok match madrid malah nyetel galatasaray
396, min kalau beli paket ini bisa buat di tv kan 
397, hai kak mohon maaf untuk pertandingan tersebut tidak tayang di vidio terkait hak siar dari pihak nba ya hi
398,gw bayar buat nonton lakers kok gaada lagi ini woii 
399, jelasin kenapa knickssixers amp magiccavs bisa tayang
400, ga kayak 
401, hi kak mohon maaf untuk pertandingan lakers vs nuggets hari ini tidak tayang di vidio terkait hak siar dari pihak nba by
402, hi kak mohon maaf atas ketidaknyamanannya silahkan kirimkan bukti kendala yang dialami beserta detail akun yang digunakan ke dm untuk mimin bantu pengecekan terlebih dahulu by
403, min mau nonton siaran proliga bjb vs pertamina kok nggak bisa diplay yaa failed to load terus emang error atau bagaimana ya bin vs livin bisa lavani vs garuda juga bisa diplay
404, hi kak mohon maaf untuk pertandingan lakers vs nuggets tidak tayang di vidio terkait hak siar dari pihak nba ya ro
405, woi napa lakers ga disiarin dah bayar sebulan buat lakers malah gaada
406,vidio cuma dapat jatah lakers nyiarin game   doang apa gimana nih 
407, hi kak mohon maaf untuk pertandingan lakers vs nuggets tidak tayang di vidio terkait hak siar dari pihak nba ya by
408, lakers nuggets kok gak jadi ditayangin kak
409,keputusan untuk pisah nggak rela kalau kapal kesayangan kita semua aliza dan kinaan harus karam daripada makin penasaran jangan lupa nonton episode terakhir santri pilihan bunda tayang besok hanya di vidio santripilihanbunda santripilihanbundaseries vidiooriginals 
410,  aih pantes abis begadang rela in bangun pagi malah gk tayang
411, hai kak mohon maaf atas kendala yang dialami terkait pertandingan nba lakers vs nuggets hari ini tidak tayang di vidio terkait kebijakan hak siar dari pihak nba ya gc
412, hi kak untuk pertandingan yang tayang di vidio mengikuti kebijakan hak siar dari pihak nba kakak bisa cek juga secara berkala di aplikasi atau website vidio untuk detail pertandingannya by
413, min nba lg playoff kok game nya dikit gak kayak taun lalu sekarang vidio apa  paketnya bayar lebih terus loh
414, hai kak mohon maaf untuk pertandingan lakers vs nuggets tidak tayang di vidio terkait hak siar dari pihak nba ya hi
415,game   playoffs lakers vs nuggets gak disiarin game   jg sama gmn sih ini pengaturan siaran langsungnya   
416, ini sy knp ga bs ntn liga   di laptop biasanya bs cm di hp aja bs ny pdhl paket diamond sy aktif nya otomatis 
417,min  coba bikin opsi disable komentator di aplikasinya nuntut jangan pake komentator si itu ga didenger terus
418, halo ka hari ini sudah tayang di vidio ya ka ka
419,   proliga mulau tgl berapa min
420, hai kak silahkan dm mimin mengenai detail kendalapertanyaan kamu yaro
421, cara daftar paket mahasiswa gimana ya domain kampus saya  jadi gabisa
422, hai kak afc u   tidak tayang di vidio yaro
423, min piala aff ada di vidio ga malam ini
424,nih rekomendasi tontonan buat menghempas bosan langsung aja nonton semuanya di vidio hollywoodmovie comedy drama mystery 
425, udah dm dan ngasih link website masih tetap gk bisa kak dibilang pw salah udahlah min udah semua cara kupakai masih gagal nyerah aku belum rezeki ku untuk bisa berlangganan dengan vidio berarti
426, baik kak kendalanya dibantu melalui dm yaro
427, tetap gk bisa min nyerah pw kenapa gk cocok padahal pw selalu pakai itu
428, hai kak silahkan dm mimin mengenai detail kendala kamu yaro
429,  min kok sebel ya mau berlangganan sudah masukin gopay kartu debit malah ngelink ke email dan password salah sebel banget mau nonton aja di persulit udah pakai paswword biasa malah pw salah sebel banget dgn vidio
430, nah gitu dong jawabnya sesuai dengan pertanyaan semoga ada keajaibankeajaiban agar kebijakan ham siar dirubah aaamiin
431,niat hati mau cari ortu kandung amp wanita pujaannya  malah diburu gangster penasaran gak sih gimana aksinya menyelamatkan diri nonton gangster di vidio sekarang 
432, baik kak mohon maaf terkait hak siar kami mengikuti kebijakan yang ada yaa sd
433, ini g menjawab pertanyaan min aku tau harus berlangganan yang saya tanyakan kenapa g gratis kayak tahun kemarin
434, hai kak untuk bisa menyaksikan tayangan yang ada di vidio silahkan berlangganan terlebih dahulu yaka
435,  kenapa g gratis ya tahun lalu loh gratis
436, terima kasihh
437, hai kak masih tersedia di vidio yaaaf
438, min film ini masih ada fi vidio ngga mau ku rewatch lagii
439,   ini saya jg berbayar barusan tahun lalu berbayar saat final four 
440, terima kasih min
441, hai kak paket vidio platinum sudah bisa untuk menonton proliga      ya kak al
442, halo mau tanya terkait tayangan proliga voli      apakah tersedia di paket platinum
443, owh iya aku ga update min mksi
444, halo kak mohon maaf vidio tidak menayangkan kompetisi bcl asia di vidio kamu bisa nonton pelita jaya saat berlaga di ibl nanti yaa dr
445,dah siap nonton  tp  kok gabisa diakses seeeeeee
446, hai kak mau meralat info untuk proliga bisa disaksikan dari luar indonesia yaa al
447, malessss eh padahal tahun kemarin pas final four baru bayar padahal sekarang lagi naik hype voli 
448, hai kak untuk bisa menyaksikan proliga silahkan berlangganan paket platinum yaro
449,proliga berbayar toh 
450, jadi untuk proliga nanti nggak bisa ya
451, halo ka jika sudah berlangganan paket platinum di luar negeri tayangan hanya bisa di akses merupakan vidio original series dan bri liga   ya mr
452,  untuk platinum terutama voli bola dll apakah bisa dinonton dari luar negeri
453,makasih mimin baikkk   myxl providermurah 
454, hi kak proliga tayang yaa di vidio dan live juga   fh
455,kemarin sore kami berkesempatan hadir di event exclusive screening vidio original series the perfect strangers yang dibintangi maxime bouttier cut beby tsabina amp kevin ardilova   episode theperfectstrangers bisa ditonton di  via menu express sekarang 
456,votingg nabila taqiyyah     nabilataqiyyah 
457, halo ka terkait kendalamu bisa sampaikan detailnya melalui dm instagram ya ka ka
458, halo kak bisa infokan lebih detail terkait kendala kamu melalui dm sosmed vidio yaa kak ik
459,   bismillah 
460,   setujuuu  kiw kiw 
461, hai kak mohon maaf atas kendala yang dialami terkait kendala kamu bisa infokan detailnya melalui dm ya ka
462, hari ke    sejak keluhan pertama dan live streaming dari hp dan tv masih error  
463,  eti nonton bajakan min
464, mohon kesediaannya untuk mengirimkan bukti kendala yang dimaksud dan detail akun untuk dilakukan pengecekan terlebih dahulu by
465,perpanjang paket  diamond cuma nontonin tim gue kalah bjirr 
466, hanya dm saja
467, masalah tanpa solusi ini kan jadinya
468, gak bisa dm lah bossssss masak gak paham aturan x sekarang
469, hi kak mohon maaf atas ketidaknyamanannya silahkan kirimkan bukti kendala dan detail akun yang digunakan ke dm ya untuk mimin bantu pengecekan lagi by
470, paket gw aktif lah napa gw gk bs nonton film  aneh aplikasi lu epl juga delay  mulu masalah lo apa sih sm pelanggan lo 
471,   malam kak whisnu maaf banget ya jika setelah mencoba saran kami belum berhasil bisa infoin nomor tri amp nama akun twitter kakak melalui whatsapp di              ketik ngobrol klik agent  care pilih lainnya agar dilakukan pengecekan ya thanks ivana
472, kondisi buka  masih seperti ini lagi kalau pak  aman  aja tolong dibantu yaaa 
473,    masih kak ini seperti ini lagi
474, hai kak silahkan dm mimin mengenai detail pertanyaankendala tayangan yang kamu maksud yaro
475,        riz ini ambigu lagi bahas kucing bertelur terus kamu bilang jago itu ambigu tolooong 
476,        wkwkwkkwwk
477,        jago udah kaul
478,        wkwkwk itu kan buat akun satunya belum izin admin satunya juga takut dia ternistakan dengan jj 
479,        loh bisa ul
480,   yuhuuuuuuu semangat nge vote gesssd 
481,        semalam dia minta buatin jj lhooo  uman saya segen yaa bayangin kanin 
482,        nunggu jj kanina kaya nunggu kucing bertelur wkwk
483,ada apa sama gia apa ada masalah kamu bisa nonton dan ikutin alur cerita hidayah cinta secara lengkap di vidio  
484,nonton official music video kahitna  sejauh dua benua di vidio gtgt  
485, halo ka utnuk f  sudah tidak tayang di vidio ya mohon maaf atas ketidaknyamanannya mr
486,       jj nya manaaa hahahahahah
487, silahkan dm mimin ya ka atau bisa dm instagram vidio untuk kendala kaka terima kasih mr
488,  emang paling enak pakai league pass kalau nba tuh tapi saya rasa kalau mulai conference finals nanti pasti tayang semua
489, halo ka unutk tayangan nba playoff mengikuti kebijakan hak siar dari pemilik program ya mohon maaf atas ketidaknyamanannya mr
490, yang ngeselin  ga nayangin semua match playoff serasa ga berguna ini ngambil paket diamond sekalipun 
491, hi kak mohon maaf atas ketidaknyamanannya ini namun untuk nba tidak semua pertandingan ditayangkan di vidio yaa   fh
492,bang kok enggak konsisten sih  kemarin masih ada match play off disana sekarang udah engga ada
493,semangat teruus guys kita vote terus buat nabilataqiyyah di  yaaa kerahkan semua kekuatan kalian jangan lupa vote juga di ig fb x dan aplikasi  kita usahakan yang terbaik     menyalaaa nyalaa 
494, yaaaah okelah tq min
495, hari ke    sejak keluhan pertama dan live streaming dari hp dan tv masih error  
496,   baguslah ga ada pkw
497,   wededewww
498,   suzana uda bangkit dari kubur main badminton
499,   the best team dgn kondisi yg ada
500,di antara dua cinta episode ini  abian mengajak yunia sang adik bertemu rania yang berprofesi sebagai psikolog namun mengapa adik abian sangat membenci shafira saksikan sinetron sctv di antara dua cinta setiap hari pukul      wib di vidio tap here  
501,sctv music award      akan segara dimulai kamu bisa dukung penyanyi favoritmu dengan voting melalui aplikasi vidio di handphone kamu bingung caranya tinggal ikutin aja caranya sesuai gambar ya lebih singkatnya tinggal klik link dibawah ini  
502,ziko harnadi adalah seorang drifter professional yang masih muda dan juga seorang content creator yang sudah mencapai hampir   juta pengikut di youtube kirakira strugglenya seperti apa sih hingga ke titik saat ini nonton disini  
503,saksikan magic   new season mulai hari ini dan liat keseruan idolaidola kalian di vidio  
504,pasti gak sabar menunggu kelanjutan cerita kisah shafira amp julian kamu bisa saksikan sinetron diantara dua cinta setiap hari bersama anggika bolsterli rangga azof asha assuncao anthony xie sekarang di vidio  
505, ditunggu ya min saya sampai udah langganan platinum 
506, hai kak episode barunya tayang setiap hari sabtu yaa kak mohon ditunggu al
507,   gen ternyata  fans barca sampe highlight aja gada di vidio
508, siap meluncur ke dm yaa kak sd
509, halo kak bisa lampirkan detail kendala nya melalui dm yaa untuk mimin bantu cek sd
510, lagi error kah login failed terus nih
511, halo kak mohon maaf saat ini highlights real madrid vs barcelona belum tersedia di vidio ya dr
512, kenapa belum ada highlights elclasico pagi dini hari tadi ya 
513,    pagi kak maaf ya atas kendalanya kakak bisa coba dulu restart hpnya nyalakan lalu matikan mode pesawat    menit ya jika responnya masih sama bisa hubungi kami kembali thanks kiki
514,akhirnya setelah penantian panjang allah mengkabulkan doanya gia semoga aslam nggak sakiti hatinya gia lagi ya   saksikan sinetron sctv hidayah cinta setiap hari pukul      wib bersama cut syifa mischa chandrawinata dan cassandra lee di sctv dan   pastikan kamu 
515,alya dan alyssa adalah anak kembar yang terpisah sejak mereka lahir    tahun kemudian mereka bertemu lagi mereka akhirnya berkenalan dan mulai akrab akankah alya tau siapa sebenarnya  nonton tertawan hati hanya di vidio pukul      wib tap disini  
516,panggilan dr inong nabila vote di apk  ya pake sms juga gasssken pantengin medsos  bismillah kita usahaiin piala sctv music award buat inong
517,temen  warga x apakah ada temen  yang mempunyai kendala yang sama  menggunakan internet jaringan  tidak bisa mengakses   kalo pake  bisa akses vidio bisa minta pencerahannya suhusuhu semua
518, hi kak mohon maaf atas ketidaknyamanannya ini namun untuk tayangan yang tidak lagi tersedia dikarenakan sudah unpublished dari hak siarnya yaa   fh
519,hi min  kok videovideo  di pop academy di  pada hilang sih
520,bestie saksikan magic   new season khusus sore ini tayang pada pkl      wib hanya di  atau  magic  magic indosiar 
521, hai kak mohon infokan detail kendalanya melalui dm ya agar bisa mimin check dr
522,ini kenapa ga bisa di claim ya     
523,gasssss buka apk  kelean absen vote buat nabila di sma  via sms juga jangan lupaaaa
524,maukan inong kita bawa pulang piala yuk ikhtiar bareng  buat nabila meluncur vote nabila di apk  ya jangan lupa berlangganan biar lebih leluasa votenya follow juga akun medsos  biar nggak ketinggalan update terbaru ya mangatss
525,punya apoin  kamu bisa tukarkan apoin alfagift dan dapatkan diskon langganan vidio platinum tukarkan disini    
526,perpaduan antara umpan matang  dan penempatan posisi serta penyelesaian akhir sempurna dari alex martins      dufc anakdewa liga  bebrave 
527,sebuah crossing dari sisi kiri oleh feby eka yang sukses diselesaikan alex martins dengan sundulannya    dufc anakdewa liga  bebrave 
528,seorang dokter nanganin kasus kerasukan waduh jadi chaos atau justru sukses diatasi nonton dr cheon and the lost talisman di vidio mulai    april      drcheonandthelosttalisman drcheonandthelosttalismandividio 
529, hai kak terkait kendalamu bisa disampaikan lebih lanjut melalui dm yaahi
530, hari ke    sejak keluhan pertama dan live streaming dari hp dan tv masih error  
531, terpesona sama acting dia di cinta pertama ayah di  padahal hanya role pendukung tapi ngerasa nih orang bakal jadi sesuatu 
532, silahkan cek dm kakka ya mr
533,kok tiba tiba gini ya bales dm dong  
534, ga ada vpn tot tbtb ilang siarang bangsat
535,tolong jangan goblok lah anjing  
536, hai kak pastikan tidak menggunakan vpn atau dns ketika menonton jika masih terkendala mohon infokan kendala lebih detailnya melalui dm yaaaf
537, hai kak silahkan akses di halaman livestream ya scroll ke bagian bawah lalu klik tayangan thumbnail wolves vs arsenal atau bisa klik channel champions tv   ya kak mr
538, hai kak silahkan akses di halaman livestream ya scroll ke bagian bawah lalu klik tayangan thumbnail wolves vs arsenal atau bisa klik channel champions tv   ya kak af
539, oy mau nonton arsenal kenapa ga bisa
540,woy ini kenapa anjeng  
541, woi ini stream match arsenal ko gabisa udh di restrat udah segimanain ttp gabisaaa perbaikin lah
542, hai kak mohon maaf atas ketidaknyamanannya terkait kendala yang kamu alami mohon infokan kendala lebih detailnya melalui dm yaaaf
543, terima kasih min 
544,  di gue malah ga bisa masuk akun samsek
545,rill tolong diperbaiki wahai sahabat 
546, bisa klik channel champions tv   ya kak mr
547,  woi min masih blom bisa 
548, hai kak silahkan akses di halaman livestream ya scroll ke bagian bawah lalu klik tayangan thumbnail wolves vs arsenal atau bisa klik channel champions tv   ya kak ps
549, hai kak silahkan akses di halaman livestream ya scroll ke bagian bawah lalu klik tayangan thumbnail wolves vs arsenal atau bisa klik channel champions tv   ya kak af
550, hai kak silahkan akses di halaman livestream ya scroll ke bagian bawah lalu klik tayangan thumbnail wolves vs arsenal atau bisa klik channel champions tv   ya kak jika masih terkendala bisa hubungi mimin melalui dm untuk kendala lebih detailnya yaa af
551,   cari yang logo nya live bang
552, kenapa ni  yailah 
553, kenapa wolves vs arsenal kaya gini tampilannya 
554,  coba dicek sendiri deh sebelum komen ginian orang komplen tuh dibenerin bukan dibingungin bayar subs mahal  begini doang 
555, silahkan akses di halaman livestream ya scroll ke bagian bawah lalu klik tayangan thumbnail wolves vs arsenal atau bisa klik channel champions tv   ya kak mr
556, silahkan akses di halaman livestream ya scroll ke bagian bawah lalu klik tayangan thumbnail wolves vs arsenal atau bisa klik channel champions tv   ya kak mr
557, halo ka untuk kendala mu silahkan dm mimin ya mr
558, hai kak jika ingin menonton epl silahkan akses di halaman livestream ya scroll ke bagian bawah lalu klik tayangan thumbnail wolves vs arsenal atau bisa klik channel champions tv   ya kak af
559,min mau nonton arsenal kok muncul seperti ini gimana ya padahal paket masih aktif sampai   mei masih ingin melihat araenal berjuang nih  
560, hai kak silahkan akses di halaman livestream ya scroll ke bagian bawah lalu klik tayangan thumbnail wolves vs arsenal atau bisa klik channel champions tv   ya kak af
561,woiiii  ngapa gabisa play match arsenal suuu udah mulai ini
562,  sama ini kenapa begini dah 
563, ketiduran bang
564, arsenal vs wolves kok gak iso su wis mulai iki cok
565, hai kak silahkan akses di halaman livestream ya scroll ke bagian bawah lalu klik tayangan thumbnail wolves vs arsenal atau bisa klik channel champions tv   ya kak af
566,  sama kykny semua
567,  sama gua juga gini tolonglah uda mau kick off ini 
568, hai kak untuk kendalanya bisa kasih tau mimin detailnya via dm ya ps
569, kok gak bisa sih ini 
570, halo ka sudah mimin dm ya terima kasih mr
571, min tolong follow up kendala via dm segera ya makasih
572, hai kak mohon maaf atas ketidaknyamanannya jika mengalami kendala mohon infokan kendala lebih detailnya melalui dm yaaaf
573,ayoo vidio live yg bener bayar tahunan masa harus nonton bajakan 
574, hai kak mohon maaf atas kendala yang dialami bisa infokan detail kendala kamu melalui dm untuk pengecekan lebih lanjut ya gc
575,ni nomer ngapain sih ditengah tengah  
576, hai kak untuk jadwal lengkap nba playoffs kamu bisa cek di instagram  yaa gc
577,min  besok yang tayang playoff nba match apa aja ya
578,  aplikasi ka
579,  ilegalan lebih menawan ka
580,  trnyata ada live d moji tv 
581, hai kak terkait kendalamu bisa disampaikan lebih lanjut melalui dm yaa kak hi
582,baru ngeh can diganti di  nih min  masih persib      colek     
583,kenalin na isoo siswa yang dikenal nakal tapi malah jadi ketua kelas di sekolah elit warisan ayahnya jadi ketua kelas bikin isoo belajar mengenal amp mengubah diri nonton the chairman is level   di vidio tayang    apr      thechairmanislevel dividio thechairmanislevel  
584, paket platinum mahasiswa bisa ya kak by
585, pakai platinum mahasiswa bisa kan kak nonton fa cup nanti malam chelsea vs manchester city
586, halo kak kamu bisa berlangganan kembali yaa kak jadi kamu akan memiliki   paket aktif di akun kamu yaa ik
587, saat ini saya sudah langganan paket liga inggris apakah bisa ditumpuk dengan paket platinumdiamond
588, hi kak silahkan berlangganan paket platinumdiamond yaa by
589, saya mau menonton fa cup chelsea vs manchester city harus langganan paket yg mana ya
590,yang bener dong lu pake dronenya  
591, oalah saran buat ditaro jg dong tncketerangan di page detail subscription disemua jenis app
592, halo kak untuk paket platinum tv bundle hanya bisa digunakan di aplikasi pada tv kamu yaa kak silahkan mengakses menggunakan smart tv kamu ik
593, punya active subscription utk liga   tp pas mau nonton kok suruh beli piye 
594,semakin kapitalis   
595,sakinah yang tak rela melepaskan banyu meminta izin pada denis untuk bisa mengadopsi banyuakankah adopsi denis dan sakinah menjadi kebahagian baru saksikan sinetron sctv bidadari surgamu setiap hari pukul      wib di vidio tap here  
596,d  day fun volley ball celebrity match pertandingan voley yang ditunggutunggu antara pink dragon vs red phoenix    sabtu    april      pukul      wib di vidio atau tap here  
597, halo ka untuk mpl mohon di tunggu updatenya ya jika tayang akan di infokan di sosial media vidio ya mr
598,juga bisa disaksikan di channel champions tv  baik di aplikasi  maupun tv kabel
599, silakan berlangganan diamondspotv yaa sd
600, halo kak untuk nba tayang di vidio yaa silakan berlangganan paket platinum yaa sd
601, walah dalah kalo diamond
602, halo ka belum termasuk ya ka ka
603, min kalo beli platinum apakah sudah termasuk dengan spotv terimakasih
604, play off nba ditayangin gk min kalo iya mau beli paket nih
605, sdh dm ya
606,perasaan dulu ada mpl di   sekarang udah gk ada 
607,komentar untuk alexa beby tsabina dan liam maxime bouttier di the perfect strangers eps   makin penasaran kan nonton the perfect strangers sekarang pakai vidio express nambah mulai dari  rbepisode theperfectstrangers theperfectstrangersseries vidiooriginals 
608, halo kak terkait kendala mu bisa lampirkan dan sampaikan detail nya melalui dm vidio yaa agar mimin dapat membantu pengecekan sd
609,    zona ucl bisa peringkat   kok slow wkwk
610,hallo   kenapa saldo saya dipotong otomatis ya saya tidak berlangganan aplikasi  melalui   apakah aplikasi gopay kena scam
611,    imbang ini palingan minji 
612,saksikan jules vernes mysterious island di vidio hari ini pukul      wib tap here  
613, hai kak untuk promo yang tersedia bisa kamu cek di  atau  yaa al
614,  diamond kapan ada promo 
615,aliza amp kinaan ada aja cobaannya jasmine jujur aja deh siapa ayahnya orion terus kok aliza nangisin kinaan ya akankah kapal kita karam jangan lupa nonton santri pilihan bunda eps   tayang besok hanya di vidio santripilihanbunda santripilihanbundaseries vidiooriginals 
616,penantian telah usai tetapi aksi liam dan alexa baru dimulai nonton duluan the perfect strangers eps   sekarang pakai vidio express dengan nambah mulai dari  rbeps tayang reguler    april theperfectstrangers theperfectstrangersseries vidiooriginals 
617,di semi final fa cup kali ini man city vs chelsea siapa yg akan merebutkan tiket final fa cup kamu bisa nonton keseruan semi final fa cup dg polytron google tv amp dapatkan gratis    bulan vidio platinum serbu sekarang di sini  
618, kalau ma nonton voli besok imdonesia all stars vs red sparks beli paket yg mana 
619, hi kak dm mu sudah mimin balas yaa   fh
620, cek dm min
621, hai kak terkait kendalamu silahkan dm mimin untuk lebih detailnya ya kak gl
622, malam min bagaimana setting agar tiap login tidak perlu dimintai kode verifikasi sms
623,dua hari lagi fun volley ball celebrity match jangan lewatkan pada sabtu    april      mulai pukul      wib nonton di sctv dan vidio 
624,abang paketnya ternyata mas mas jawa nggak percaya buruan nonton lovely runner di vidio sekarang dan rasain sensasinya lovelyrunnerdividio lovelyrunner drakor 
625, match semalam madrid vs city knp di cut sih mau nonton ulang jeda antara extra time ke penalti
626, hai kak cara berlangganannya bisa klik link ini aja ya kak untuk detailnya  ka
627, min nanya serius kalo langganan motogp spotv yg ada di apk vidio itu sebulannya berapa dan kalo pun ada siaran ulangnya itu bertahan sampe berapa hari makasii 
628,mimin punya asupan tontonan seru nih buat kamu yuk nonton tasmadian devils tayang kamis    apr pukul      wib nonton di moji dan vidio gtgt  
629,plis menangin tender piala dunia      dan      ini plis plis  jangan sampai yang bapuk itu yang menang 
630,bagaimana kelanjutan kisah denis dan sakinah daripada penasaran yuk nonton sekarang di vidio gtgt  
631,nikmati berbagai tontonan seru pakai smartfren unlimited langganan smartfren unlimited nonstop vidio buruan serbu sekarang gtgt  
632,bestie saksikan magic   new season sore ini tayang pada pkl      wib hanya di  atau  magic  magic indosiar 
633,matchday quarter final conference league leg   lille vs aston villa kamis    april      wib stade pierre mauroy live on  semifinal tinggal selangkah lagi yok bisa jangan lupa join grup tele kami di  avfc utv indovillans astonvilla 
634, hai kak untuk kendalanya bisa kasih tau mimin detailnya via dm ya ps
635,kirakira usaha alexa beby tsabina ngedeketin liam maxime bouttier demi nyelesaiin misinya berhasil ga ya nonton duluan the perfect strangers besok pakai vidio express nambah mulai dari  rbepisode theperfectstrangers theperfectstrangersseries vidiooriginals 
636, bangkek kukira si 
637,nonton di antara dua cinta eps     di vidio gtgt  
638,tonton official music video danang  mendua di vidio gtgt  
639,pintu berkah special ramadhan sore ini pkl      wib saksikan selengkapnya hanya di indosiar atau  indosiar pintuberkah 
640,kisah nyata special ramadhan sore ini pkl      wib saksikan selengkapnya hanya di indosiar atau  indosiar kisahnyata 
641,udah kebayang belum aksi alexa beby tsabina amp liam maxime bouttier bakal gimana jawab di komen dongs nonton duluan the perfect strangers eps   besok pakai vidio express dengan nambah mulai  rbeps tayang reguler    april theperfectstrangers vidiooriginals 
642, woi knpa tendangan pinalti bernardo silva di cut
643, begitu buruknya penalti bernardo silva sampe  pun menyensor penalti itu di replay highlight mini match bahkan full match nya ga percaya cek aja ucl
644,complicated tapi jadi pengen tau kan gimana cerita mereka bertiga siapa pembunuh sebenarnya nonton nothinguncovered sekarang di vidio gtgt  nothinguncovereddividio drakor 
645,begitu buruknya penalti bernardo silva sampe  pun menyensor penalti itu di replay highlight mini match bahkan full match nya ga percaya cek aja ucl
646,  nonton nba juga a
647, halo kak bisa sampaikan detail kendala mu via dm yaa untuk mimin bantu pengecekan terkait akun mu   sd
648, sedih klo diceritain semua video gak bisa diputar atau nonton live pdhl udeh diupdate 
649, halo kak bisa sampaikan detail kendala nya melalui dm yaa untuk mimin bantu pengecekan   sd
650,dibantu kak sdh klik yg heat v philadelphia tpi yg muncul match ini terus aneh nya kalo di hp bisa kalo di tv ga bisa mohon dibantu kak  
651,jadi ini alesanya  ngasih rating    buat pertandingan  
652,  yaelah baru dibilang jangan terlena malah kejebolan
653, halo kak terkait hal tersebut mohon infokan detail melalui dm yaa fp
654, kebiasaan banget giliran pas pertandingan suaranya biasa aja giliran pas iklan kenceng banget anjing
655,nah gitu dong  udh tahu punya anime  bagus tuh di iklanin jujurly sempat kaget pas tahu vidio animenya lumayan banyak updated lagi wkwk
656, halo kak terkait kendala nya mohon infokan ke mimin melalui dm yaa fp
657,kok gak bisa beli paket ya   
658, hai kak meluncur ke dm yaaaf
659, cek dm min
660,  selain vidio min
661,empat mega film asia special liburan saksikan selengkapnya di indosiar atau  megafilmasia indosiar 
662, halo ka untuk kendala mu silahkan dm mimin ya terima kasih mr
663, ini kenapa dah 
664,apa jadinya jika seorang sutradara film mimpi punya mahakarya dengan skenario baru di tengah gempuran sensor apakah mimpi akan jadi kenyataan atau pupus karena realita nonton cobweb di vidio gtgt  cobwebdividio cobweb 
665,tertawan hati episode    tayang    april      di vidio gtgt  
666,bestie saksikan magic   new season khusus sore ini tayang pada pkl      wib hanya di  atau  magic  magic indosiar 
667, halo untuk paket platinum big screen bisa digunakan pada perangkat hp yaa kak dr
668, vidio platinum big screen bisa digunain di hp 
669,tonton music video avolia  kamu pemain aku pelatih di vidio gtgt  
670, ini udah rabu ka
671, halo ka episode terbaru akan tayang selasa amp rabu      wib ya ka ka
672, min kok ep   lovely runner blm ada sih
673, pasti menang kalau kalah ya unsubscribe  buat apa 
674,sebuah aksi luar biasa dari ricky kambuaya yang sukses menerobos pertahanan persebaya dan berujung dengan gol ke   alex martins musim ini   dufc anakdewa liga  bebrave 
675,sodoran umpan  dengan tenang dimanfaatkan  menjadi gol kedua dewa united fc   gol ini tercipta hanya tiga menit setelah keduanya masuk sebagai pemain pengganti   dufc anakdewa liga  bebrave 
676,penasaran sama masakan liam biar gak kebayang terus nonton duluan the perfect strangers    april di vidio express dengan nambah mulai dari  rbeps tayang reguler    april gtgt  theperfectstrangers theperfectstrangersseries vidiooriginals 
677, halo ka mohon sampaikan lebih detail terkait kendalamu melalui dm instagram ya ka ka
678, kenapa kedap kedip mulu bang sinyal padahal aman
679, hai kak silakan yaa jika mengalami kendala mohon infokan kendala lebih detailnya melalui dm yaaaf
680, hai kak mohon maaf atas ketidaknyamanannya untuk tayangan live streaming memang akan berbeda beberapa detik dengan tayangan live di tv yaaaf
681,aduh  delay gini dari yang di sctv kirain mah bakal sama bisa di refresh ga si yg di tv fcbpsg
682,kalau  yang ambil lagi gimana ya tapi kekuatan finansialnya bakal habis buat premier league daripada ambil   kompetisi besar lebih baik meneruskan hak siar premier league untuk   tahun lagi dan seterusnya
683, saya ga punya ig nanti saya posting aja
684, mohon maaf atas ketidaknyamanannya jika kendalanya masih terjadi silahkan kirimkan detail akun dan bukti ke dm untuk kami investigasi lebih lanjut by
685, pokok nya film nya pas di putar ga beres error pas di tengah tengah atau di awal awal malah balik lagi balik lagi
686, terkait kendalamu bisa dilampirkan melalui dm ig vidio ya kak hi
687, dm apanya
688,  lagi ajaa
689,saksikan celebrity match fun volleyball antara red phoenix vs pink dragon sabtu    april      pukul      wib live di sctcv dan  funvolleyball sctvsports sctvspesial 
690,kalian lebih takut dikejar zombie atau vampir yang penting kalian harus punya skill lari sih buat menyelamatkan diri run bestie run nonton sekarang di vidio 
691,di tahun     an anakanak seni korea terpaksa gigit jari karena sensor tapi seorang sutradara film ngimpiin mahakarya skenario baru di tangannya akankah jadi kenyataan atau malah impian semata nonton cobweb di vidio gtgt  cobwebdividio cobweb 
692,   yg produksi bukan vidio kali
693, gambar lu pucet
694, halo kak mohon maaf atas ketidaknyamanannya terkait hal tersebut sedang di cek oleh tim terkait yaa hi
695, kyk nntn bri liga   kyk nntn narcos
696,  burik
697, halo kak mohon maaf atas ketidaknyamanannya terkait hal tersebut sedang di cek oleh tim terkait yaa hi
698, tontonan berbayar tapi kualitas tahun   an 
699, halo kak mohon maaf atas ketidaknyamanannya terkait hal tersebut saat ini sedang di cek oleh tim terkait yaa fp
700, halo kak mohon maaf atas ketidaknyamanannya terkait hal tersebut sedang di cek oleh tim terkait yaa hi
701, halo kak mohon maaf atas ketidaknyamanannya terkait hal tersebut saat ini sedang di cek oleh tim terkait yaa fp
702, woi  gw bayarr mahal nonton tayangan buta warnaaa  jelekk banget kualitas tayangan lu 
703,siarane  bosok koyo tahun   an
704, tayanganmu kok jelek bener soree ini pss vs arem 
705, hai kak mohon maaf atas ketidaknyamanannya terkait kendalanya sedang mimin teruskan ke tim terkait dan sedang dalam pengecekan tim terkait mohon ditunggu yaaaf
706, kualitas siaran koyo siaran tahun     
707, hai kak terkait kendalamu bisa disampaikan lebih lanjut melalui dm yaa kak hi
708,asuuu siaranmu jaman purba opo piye to te lonteee 
709,pucet banget saturasine unggahke sitik jo 
710, halo kak bisa sampaikan detail kendala nya via dm yaa untuk mimin bantu pengecekan sd
711,koyo nonton tv hitam putih   an  
712,beda dari biasanya dian sastrowardoyo tampil garang di vidio original series ratu adil tak hanya angkat senjata dian pun bermain emosi di karakternya sebagai lasja kepoin cerita lengkap behind the scene ratu adil di vidio ratuadil ratuadilseries vidiooriginals 
713,bestie saksikan magic   new season khusus sore ini tayang pada pkl      wib hanya di  atau  magic  magic indosiar 
714,dukung penyanyi favoritmu di sctv music awards      dengan voting di aplikasi vidio sekarang  
715,ingin tahu bagaimana kelanjutan kisah julian amp shafira tonton sekarang di vidio  
716,alexa beby tsabina menyusup ke keluarga mafia hadiwiguno dengan mendekati liam hadiwiguno maxime bouttier sang putra mahkota bisakah alexa jalani misinya atau malah terlena fantasi dunia mafia vidio original series the perfect strangers  tayang    apr hanya di vidio 
717,pada tahun      diva ruth sahanaya menyanyikan lagu ciptaan andi rianto dan indra safera yang berjudul mengertilah kasih  kini    tahun setelah mengertilah kasih dirilis lagu tersebut dinyanyikan kembali oleh afgan dengarkan disini  
718,  katanya  yg pegang hak siar pertandingan timnas indonesia
719,emoji pertama kamu adalah yang paling mewwakili dora kalau mimin beautyandmrromantic beautyandmrromanticdividio drakor 
720, hi kak betul yaa kamu bisa menyaksikan spotv di vidio fh
721, mau nanya min sekarang nonton aplikasi elu nih bisa juga di  ya
722, waktunya  ambil hak siar musim depan 
723,komentator   skor kacamata di emirates skor kacamata matiin tv kontollllllll
724, mau jadi fans leverkusen tp  ga nayangin liga jerman
725, baik kak untuk sementara silahkan gunakan jaringan lainnya terlebih dulu ya kak bila ada kendala bisa informasikan melalui dm ya kak ps
726, ganti jaringan udah bisa kak min kayaknya di jaringan yg satunya ngeblock vidio
727, hi kak silahkan dm mimin yaa untuk mimin bantu cek terkait kendala mu fh
728,lho vidio error ga bisa dibuka 
729,  lah pasti
730,  tutor menang lawan palace pake gallagher ada di  sm youtube chelsea yh kak benn 
731, halo kak terkait kendala mu dapat hubungi kami via dm yaa untuk dibantu pengecekan lebih lanjut sd
732, hai kak untuk kendalanya bisa kasih tau mimin detailnya via dm ya ps
733,percuma kalau udh subscribe tp ujungnya pake link haram orang sengaja subs biar enak nontonnya tai lu 
734,  bener lagi apalagi kalo pas koneksi bapuk 
735, delaynya juga cuma    detikan di  sampe semenit haha
736, silahkan balas dm mimin ya ka karena sudah mimin dm terkait kendala mu terima kasih mr
737, males gue dm udah dm yg bales yg cs yg lain  lagi liat aja yg bales ini juga beda lagi
738, hai kak mohon maaf atas kendala yang dialami terkait kendala kamu silakan infokan username akun vidio kamu dari at dan bukti pembayarannya melalui dm untuk mimin lakukan pengecekan yaa gc
739, udah langganan malah bayar  x tapi engga bisa bagaimana nihhh 
740, siap kak meluncurro
741, ok cek dm min
742, halo ka silahkan dm mimin atas kendala mu ya terima kasih mr
743, ini knp dhhhhhh kok loading  mulu streaming di aplikasi lain lancar pdhl
744, hai kak untuk kendalanya bisa kasih tau mimin detailnya via dm ya ps
745,ini kenapa  
746, tvri match coppa italia serie a ada di  dan 
747,yang nanya link streaming minji belum ngulik gampangnya pakai  ajah 
748, ayoo nonton di  biar nggak penasaran
749,premierleague kembali akhir pekan ini untuk temani kalian saksikan bournemouth vs manchester united sabtu    april      pukul      live di sctv dan  premierleaguesctv sctvsports 
750,  saran aja jangan semua film dibikin bahasa indonesia lah min cukup kasih subtitle aja
751, dihadiri oleh   dihadiri oleh member   live   
752, siapp meluncur ke dm yaa kak sd
753, cek dm min
754, hai kak mimin meluncur ke dm yaa gc
755, min baru langganan tapi gabisa nonton cdm ya
756,   setuju pep jarang bnget mainin dia njirrr bgusan dia dri pd doku
757,   ott lokal yg menurut gw paling gokil duitnya ga maen  emang  
758,   tapi memang dia pilihan akhir si kalo liat di docuseries treble pep bilang pas sebelum final ucl bahwa kalo misal udah unggul bakal masukin gomez atau lewis si lewis udah sering main karena bisa main di tengah nahh tinggal gomez ini
759, kami selalu share link kok saat ae karena kami bekerjasama dengan  maka yang kami share link resmi dari  dan 
760,aliza dan orion nempel banget tapi masih jadi tekateki siapa sebenarnya orangtua orion benarkah orion adalah anak kinaan nonton santri pilihan bunda eps   sekarang hanya di vidio santripilihanbundaseries vidiooriginals vidiooriginalseries 
761,kenalin ciel phantomhive siap mengatasi kejadian aneh ditemenin sebastian michaelis kepala pelayan berkemampuan aneh nonton black butler public school arc di vidio sekarang gt  blackbutlerpublicschoolarcdividio blackbutlerpublicschoolarc anime 
762, lebih tepatnya akan di update klo hak siar nya ga dipegang  kan min wkwkwk
763,   gomez jangan melupakan aku papa pep 
764,   sad anjir 
765, halo kak terkait kendala nya mohon infokan ke mimin melalui dm yaa fp
766, halo min aku udh beli paket langganan tapi kok ga bisa diakses
767,   siap bang kita harus lebih aware buat nonton legal
768,   thankyou bang sdh promote nonton resmi
769, jangan pas bulan suci aja min kedepannya juga jangan sampe nonton ilegal kalaupun belum mampu langganan  dan pertandingan nggak disiarkan di tv mending nunggu highlight di youtube official spurs aja
770,menuju weekend enaknya sambil dengerin mahen feat iman troye dengan gagal bersembunyi yuk nonton music videonya di vidio gtgt  
771,minimal tunggu awal musim kek baru naik harganya  
772,gimana liburan kamu biar lebaranberasalebih yuk nonton deretan vidio original series ini kamu bisa nonton gratis lho nonton deretan vidio original series gratis lainnya di sini gtgt  
773,bagaimana kelanjutan kisah diantara dua cinta saksikan di vidio gtgt  
774, nyoba nonton satu eps karena tayang juga di  emang menarik banget sih kim hye yoon ngga perlu diragukan lagi kalau soal chemistry semoga konsisten sampai akhir
775,tatapannya aliza dan kak rana tajem banget lagi liatin siapa ya penasaran kamu bisa nonton duluan santri pilihan bunda eps   besok pakai vidio express dengan nambah mulai  rbeps tayang reguler    april santripilihanbundaseries vidiooriginals 
776, untuk konten free ada yang bisa ditonton dari luar indonesia termasuk ibl ya kak al
777, hai kak untuk konten premier hanya bisa akses bri liga   dan vidio original series saja ya kak al
778,kayak apa ya keseruan behind the scene magic   daripada penasaran mending langsung nonton di vidio gtgt  
779, hai kak mohon maaf hal tersebut terkait hak siar ya semoga nextnya vidio bisa menayangkan semua match nba yaro
780,kinaan kinaan cobaan apalagi yang harus dihadapi ada aja nih cobaan pengantin baru aliza dan kinaan daripada makin penasaran jangan lupa nonton santri pilihan bunda episode   tayang besok hanya di vidio santripilihanbunda santripilihanbundaseries vidiooriginals 
781, halo kak terkait kendala mu saat ini sudah ditangani melalui dm yaa fp
782,   yuk kak kuzan infoin data yang kita minta sebelumnya ke dm ya biar dibantuin cek  zidane
783, tolong koordinasi sama  ini min sudah saya jelaskan di dm
784, halo kak meluncur yaa fp
785, cek dm min
786, halo ka untuk kendala mu silahkan dm mimin ya terima kasih mr
787,  halo paket saya perpanjang otomatis tapi tidak aktif di apps vidio ini bagaimana ya solusinya
788, halo ka silahkan dm mimin atas kendala mu ya terima kasih mr
789,matchday quarter final conference league leg   aston villa vs lille jumat    april      wib villa park live on  spesial      match emery wajib menang jangan lupa join grup tele kami di  avfc utv indovillans astonvilla 
790,semua bersedih vera meninggal yang paling merasa bersalah adala hnamira karena yang punya kepada andrew saksikan sinetron sctv bidadari surgamu setiap hari pukul      wib nonton disini  
791, hi kak pastikan kamu sudah berlangganan platinumdiamond untuk menonton europa league yaa fh
792,  di vidio berbayar g min 
793,mega film asia spesial libur lebaran boboho edition saksikan selengkapnya hanya di indosiar atau  
794,tatapan lasja penuh amarah siapa sebenarnya lawan terakhir lasja apakah   naga atau justru temukan jawabannya di episode   ratu adil bisa kamu tonton sekarang di vidio ratuadil ratuadilseries vidiooriginals 
795,liat kisahnya ying ying membantu sahabatnya untuk menggagalkan pernikahan crushnya di    days sekarang di vidio klik    days   daysdividio dramathailand 
796,di tunggu lasja season   
797,ac milan akan melakoni laga perempat final europaleague dini hari nanti menghadapi as roma kick off      wib live di 
798,emang udah paling bener deh di momen lebaran ini kumpul sama orangorang tersayang dan nonton beragam film spesial di sctv dan vidio  
799,momen berkumpul selama lebaran masih lanjut nih sahabat vidio saatnya nonton bareng filmfilm indonesia di moji tv di vidio  
800,kisah denis amp sakinah selalu seru buat diikuti tonton bidadari surgamu hanya di vidio  
801, halo kak dm kamu sudah mimin respon yaa fp
802, bls yah
803, halo kak terkait kendala nya mohon infokan ke mimin melalui dm yaa fp
804, tolong dong ini kenapa ya baru bgt login mau nntn gabisa udh coba uninstal dan clear chace ttp gabisaa 
805, halo kak mimin cek saat ini pertandingan berjalan dengan normal yaa jika mengalami kendala bisa hubungi mimin melalui dm fp
806,  min kok siaran gw pasti delay    detik ya emg darisananya kaya gitu apa gmn
807, mumpung broadcaster nya bukan  min khuduk bagi  link lagi nih 
808,menemani lebaranmu di rumah ada hidayah cinta yang tayang setiap hari pukul      wib di vidio disini  
809,makasih  sudah rilis sebelum lebaran ehehehhe 
810, jangan sedih kak masih banyak drama lainnya yang gakalah seru di vidio loh yuk langsung dicek dan ditontonro
811, sediihh
812, hai kak drama my ambulance sudah tidak tersedia di vidio yaro
813, min ini udah ga ada ya di vidio
814,emang banyak banget nih cewenya kazuma kirakira siapa yang mau sama kazuma penasaran sama aksi mereka nonton konosuba gods blessing on this wonderful world   sekarang di vidio konosuba 
815,siapa yang akan menang dipertarungan terakhir temukan jawabannya di episode   ratu adil tayang besok hanya di vidio ratuadil ratuadilseries vidiooriginals 
816,moji movie spesial tenang aja selama libur lebaran moji berikan tayangan spesial untuk kamu mulai pukul      di vidio tap here    
817,makin seru nonton drama korea dengan polytron google tv dan dapatkan gratis    bulan vidio platinum tap here  
818,film layar lebar special lebaran ada   film layar lebar yang akan menemani kamu pada rabu    april      di vidio amp sctv disini   
819,spurs udh punya wemby masih aja jarang disiarin 
820,selamat hari raya idul fitri      h sahabat vidio bersihkan jiwa buka hati kita sambut hari baru dengan penuh harapan   
821, mimin meluncur sekarang juga ya by
822, sudah saya dm
823,   kan min 
824, halo kak pastikan ketika menonton hanya menggunakan   device saja yaa jika masih mengalami kendala mohon infokan kendala lebih detailnya melalui dm yaaaf
825,yancyok  
826,gue udah langganan  tapi kenapa begini pas mau opening nya min 
827, sudah mimin balas melalui dm yaa kakaf
828, hi kak mohon maaf atas ketidaknyamanannya kakak bisa kirimkan detail akun dan bukti iklannya melalui dm sosial media vidio agar bisa dicek lebih lanjut by
829, udah ya tinggal di respon makasih
830, hi kak mohon maaf atas ketidaknyamanannya jika mengalami kendala silahkan kirimkan detail akun dan perangkat yang digunakan ke dm untuk kami investigasi lebih lanjut by
831, error nih mau nonton ucl 
832, sudah mimin balas di dm yaa kakaf
833, cek dm gan mau nnti ucl ini
834,  final kepagian
835,   madrid    city bismillah tipis  asal menang 
836,   iya bener ini ditunda sim tandingnya  nanti tidur aja ya biar besok gak kesiangan sholat ied nya
837,  gamau giveaway paket vidio kah sim
838,  plis mau ied dengan senyuman
839,  bismillah karsim diendorse vidio
840,tonton breaking news sidang isbat   syawal      hijriah di vidio 
841, hai kak per januari      serial mahabharata sudah tidak tersedia di vidio ya kak al
842,pintu berkah special ramadhan sore ini pkl      wib saksikan selengkapnya hanya di indosiar atau  indosiar pintuberkah 
843,kisah nyata special ramadhan sore ini pkl      wib saksikan selengkapnya hanya di indosiar atau  indosiar kisahnyata 
844, halo ka mohon di tunggu dan cek secara berskala ya di halaman ini  mr
845,siapa nih yang butuh asupan tontonan vidio original series dari mimin nih mimin punya asupan buat kamu eits deretan vidio original series ini gratis lho lebaranberasalebih 
846,makin seru makin brutal makin pecah balas dendam lasja dian sastro pada   naga semakin mendekati akhirnya tonton terus series ratu adil hanya di vidio ratuadil vidiooriginalseries ratuadilseries 
847, okeeeyyyy terima kasih 
848, hai kak untuk menyaksikan pertandingan tersebut pastikan kamu memiliki paket platinum atau diamond yaa gc
849, yang paket platinum kan yaaa min apa masuknya ke diamond
850, hai kak pertandingan tersebut tayang di vidio ditunggu kehadiran kamu ya gc
851,min info please ini ditayangin di vidio kan  
852, hi kak untuk kendala mu ini mohon kirimkan melalui dm yaa untuk mimin bantu pengecekan lebih lanjut fh
853,kompas sahur menyajikan berbagai berita terkini dan perkembangan peristiwa terbaru yang terjadi di indonesia serta mancanegara tonton sekarang di kompas tv dan vidio  
854,rudeus yang patah hati pergi ke northern territories untuk mencari ibunya nonton mushoku tensei jobless reincarnation season   part   di vidio sekarang mushokutenseijoblessreincarnation mushokutenseijoblessreincarnationdividio anime 
855,tonton season baru magic   setiap hari pukul      di indosiar dan vidio  
856,tutorial untuk voting penyanyi favoritmu di sctv music awards      vote sekarang di aplikasi vidio  
857,dukung penyanyi favortimu di sctv music awards      vote sekarang di aplikasi vidio klik here   
858,anime lovers mana suaranya semua anime ini bisa kamu tonton di vidio mulai bulan april anime animelovers 
859,mengenang bintang diciptakan oleh sherina dengan beberapa bagian lirik yang ditulis bersama mira lesmana dan virania munaf dengarkan disini  
860,min  masukin lagi kali terakhir liat udah gaada
861,kisah nyata special ramadhan sore ini pkl      wib saksikan selengkapnya hanya di indosiar atau  indosiar kisahnyata 
862,pintu berkah special ramadhan sore ini pkl      wib saksikan selengkapnya hanya di indosiar atau  indosiar pintuberkah 
863,  selama ini ada di vidio kak tapi skrg udh ga ada  adain lagi yuk minn udh kangen aku mau rewatch 
864,  lo ayo se ojok kakean cangkem
865,  cok ng ndi kon cangkruk ayo awan iki
866,tonton kelanjutan dari kisah shafira amp julian sekarang di sctv dan vidio  
867,cokkk wayae musuh jazz malah disiarno wingi  pas musuh mavs nandi rekkk 
868, hai kak untuk kendalanya bisa kasih tau mimin detailnya via dm ya ps
869, tuh service paling sampah di dunia dah kayaknya
870,  pernah beberapa kali denger pas half time arsenal menang dan ngulasnya berharap tim lawan mengejar gol atau berbalik unggul gitu 
871,  oh iya emang sering gak ngeh cuma tadi kentara banget sih partnernya bilang kurang lebih gini harusnya jika arsenal menang terus di sisa laga tanpa berharap hasil pesaingnya pun arsenal bisa juara terus jawabannya kaya tadi
872, lg proses pengiriman bukti
873, halo ka untuk kendala mu silahkan dm mimi ya terima kasih mr
874, hi kak yuk dm mimin untuk mimin bantu cek lebih lanjut pada kendala mu fh
875,kenapa nih vidio saya begini terus  
876, halo ka untuk kendala mu silahkan dm mimin ya terima kasih mr
877,ini solusi nya apa   
878, hai kak mohon maaf atas kendala yang dialami terkait kendala kamu silakan coba clear data cache apliksai vidio kamu dan restart kembali perangkat kamu ya jika sudah silakan coba gunakan jaringan internet lain sebagai perbandingan ya gc
879,halo  kok gini terus ya 
880, gak ada sharing account makanya ini kesel satt
881, hai kak mohon maaf saat ini vidio belum memiliki fitur logout all device untuk menghindari penggunaan sharing account terkait kendala kamu bisa infokan detailnya melalui dm ya gc
882, bagaimana menonaktifkan perangkat yang menggunakan vidio udah semua dinonaktifin masih aja nyangkut bangsat 
883,  siap 
884,pertemuan yang bikin sedih akbar ingin shafira mengucapkan akbar aku benci kamu air mata shafira jatuh tonton para pencari tuhan jilid    sekarang di sctv dan vidio  
885, hai kak mohon maaf atas ketidaknyamanannya mohon infokan kendala lebih detailnya melalui dm yaa agar bisa mimin cek lebih lanjutaf
886,lah sampah bgt ya  bentuknya udah berlangganan dan didalem kontennya lo masih nemu ads banyak dan gabisa diskip wkwkw
887, hai kak mohon maaf atas ketidaknyamanannya jika masih terkendala mohon infokan kendala lebih detailnya melalui dm agar bisa mimin bantu cek yaaaf
888,kisah   lelaki yang berjuang dengan caranya masing  tonton sekarang di vidio 
889,  wah laga penting ya kang
890, halo kak silahkan sampaikan kendala kamu melalui dm sosmed vidio yaa agar mimin bantu cek lebih lanjut ik
891, hai kak mohon maaf atas ketidaknyamanannya silakan coba restart device mu atau reinstall aplikasi vidio nya lalu coba kembali jika masih terkendala mohon infokan kendala lebih detailnya melalui dm yaaaf
892,kisah nyata special ramadhan sore ini pkl      wib saksikan selengkapnya hanya di indosiar atau  indosiar kisahnyata 
893,pintu berkah special ramadhan sore ini pkl      wib saksikan selengkapnya hanya di indosiar atau  indosiar pintuberkah 
894, yo  lah lengkap mini match full match bahkan sampek highlight yang   menit tok ada
895,kisah   lelaki yang berjuang dengan caranya masing  bara yang punya prinsip kuat dan sangat peduli dengan orang sekitarnya aga yang bawel tapi dia sangat menyayangi orang sekitarnya dan gilang yang tenang dan selalu memiliki sisi yang dewasa  
896,para pecinta bollywood saatnya kamu nonton beragam judul bollywood ini gratis di vidio  
897,gak cuma bawa kenangan tapi masa lalu kinaan ini datang sesuatu mengejutkan jasmine  datang kembali membawa apa ya cari tau jawabannya dengan nonton santripilihanbunda setiap sabtu di vidio santripilihanbundaseries vidiooriginals vidiooriginalseries 
898,kang maman ingin berbagi cerita dengan para inspiratif yang dapat memotivasi orangorang untuk menjadi sukses  
899,tonton kelanjutan kisah alya dan alyssa di tertawan hati hanya di sctv dan vidio setiap hari       wib  
900,   wes nonton larang larang kan yaaaa
901,  hrus premium dlu ga
902,  tempat nobar ga nyampe   menit dari rumah tapi lagi ada kerjaan kayae streaming aja
903,  mana coba liat 
904,  lha iya yg hari ini ga nobar tah lawan emyu
905,  coba dah wqwq mumpung april banyak match tapi biasanya akhir musim rutin nobar 
906,  langganan brok men nyong ana batire
907,  coba cek fp fp biasanya ngepost promo gitu kan udh oke jg skg vidio ga keduluan fotmob biasanya keduluan notif fotmob soalnya 
908,  terakhir langganan pas liverpool vs emyu musim ini pas ada diskon jadi   k
909,  langganan aja ga ribet nyari link kalo nonton liverpool
910,mending langganan  apa ora ya 
911,  ya bisa minimal ga keliatan canggung ngomongin bola dari minggu ke minggu tak perhatikan host cewe nya ni ga fasih untuk bicara bola atau bahkan hosting acara kadang bikin kagok rekan host nya bahkan di kolom komentar suka dikatain biduan  kan malah kasian 
912, aplikasi  mas tinggal langganan per bulan mas
913,saksikan jejak alquran setiap hari pukul      di vidio tap here    
914,   dero ikun seneng dengernya kak nasrul jika ada yg bisa dibantu seputar layanan telkomsel jangan ragu untuk konfirmasi kembali yaa  dero
915,akhirnya paket  bundling dengan  sudah bisa setelah   hari   jam   tiket perbaikan   tweet komplain   email   dm terima kasih joan darlan frey zyad dan mr hampir saja diriku ke grapari offline
916,  banyak alasan k n   
917,caption cocok nih buat kamu movie marathon di weekend ini nonton semuanya di vidio ya hollywoodmovie action drama mystery 
918,  tanggal   ingat tanggal  
919,  gosong dok digoreng terus 
920,bts magic   hadir untuk meramaikan dan menghibur bagi para pecinta magic   yuk kita nonton bareng bts magic   di vidio sekarang klik disini yaa  
921,babeh syukri meminta sobari pergi ke masjid istiqlal dengan sepeda motor untuk berbuka puasa bersama namun perjalanan singkat harus menghadapi banyak masalah karena babeh adalah orang yang sangat keras kepala mau tau kelanjutan ceritanya disini   
922, meluncur kak ik
923, cek dm
924, siap kakk sudah mimin balas yaa   sd
925, cek dm
926,lebaran enaknya nobar bareng orang tersayang mimin punya segudang tontonan vidio original series gratis untuk kamu nobar di lebaran ini buruan ke vidio sekarang biar lebaranberasalebih disini    
927,kanaya ika dihardjo emang support system yang selalu ada buat aliza   coba tag kanaya nya kalian amp ajakin mereka buat nonton santripilihanbunda yang tayang tiap sabtu di vidio santripilihanbundaseries vidiooriginals vidiooriginalseries 
928,pintu berkah special ramadhan sore ini pkl      wib saksikan selengkapnya hanya di indosiar atau  indosiar pintuberkah 
929,kisah nyata special ramadhan sore ini pkl      wib saksikan selengkapnya hanya di indosiar atau  indosiar kisahnyata 
930,aliza naura ayu masak buat kinaan aja bahagia banget sementara itu zero teuku rassya ngapain lagi nih sampe bikin kinaan fadi alaydrus kesel banget kayak gini nonton santripilihanbunda ep   sekarang hanya di vidio santripilihanbundaseries vidiooriginals 
